/DeepGit/HowTos/Creating-Thread-Dumps /DeepGit/Latest/HowTos/Creating-Thread-Dumps 301
/DeepGit/HowTos/Creating-Thread-Dumps.html /DeepGit/Latest/HowTos/Creating-Thread-Dumps 301
/DeepGit/HowTos/Debugging /DeepGit/Latest/HowTos/Debugging 301
/DeepGit/HowTos/Debugging.html /DeepGit/Latest/HowTos/Debugging 301
/DeepGit/HowTos/index.html /DeepGit/Latest/HowTos/ 301
/DeepGit/Latest/At-Refs-vs-On-Refs /DeepGit/Latest/Manual/At-Refs-vs-On-Refs 301
/DeepGit/Latest/At-Refs-vs-On-Refs.html /DeepGit/Latest/Manual/At-Refs-vs-On-Refs 301
/DeepGit/Latest/Bug-Reports /DeepGit/Latest/Manual/Bug-Reports 301
/DeepGit/Latest/Bug-Reports.html /DeepGit/Latest/Manual/Bug-Reports 301
/DeepGit/Latest/Integrations /DeepGit/Latest/Manual/Integrations 301
/DeepGit/Latest/Integrations.html /DeepGit/Latest/Manual/Integrations 301
/DeepGit/Latest/Manual.html /DeepGit/Latest/Manual/ 301
/DeepGit/Latest/index.html /DeepGit/Latest/Manual/ 301
/DeepGit/index.html /DeepGit/ 301
/SmartGit/HowTos/Authentication-problems-push-pull-fail- /SmartGit/Latest/HowTos/Authentication-problems-push-pull-fail- 301
/SmartGit/HowTos/Authentication-problems-push-pull-fail-.html /SmartGit/Latest/HowTos/Authentication-problems-push-pull-fail- 301
/SmartGit/HowTos/Changing-the-Folder-Watch-Limit-Linux- /SmartGit/Latest/HowTos/Changing-the-Folder-Watch-Limit-Linux- 301
/SmartGit/HowTos/Changing-the-Folder-Watch-Limit-Linux-.html /SmartGit/Latest/HowTos/Changing-the-Folder-Watch-Limit-Linux- 301
/SmartGit/HowTos/Configure-Dictionary /SmartGit/Latest/HowTos/Configure-Dictionary 301
/SmartGit/HowTos/Configure-Dictionary.html /SmartGit/Latest/HowTos/Configure-Dictionary 301
/SmartGit/HowTos/Creating-Heap-Histograms /SmartGit/Latest/HowTos/Creating-Heap-Histograms 301
/SmartGit/HowTos/Creating-Heap-Histograms.html /SmartGit/Latest/HowTos/Creating-Heap-Histograms 301
/SmartGit/HowTos/Creating-Thread-Dumps /SmartGit/Latest/HowTos/Creating-Thread-Dumps 301
/SmartGit/HowTos/Creating-Thread-Dumps.html /SmartGit/Latest/HowTos/Creating-Thread-Dumps 301
/SmartGit/HowTos/Debugging /SmartGit/Latest/HowTos/Debugging 301
/SmartGit/HowTos/Debugging-JSON-connections /SmartGit/Latest/HowTos/Debugging-JSON-connections 301
/SmartGit/HowTos/Debugging-JSON-connections.html /SmartGit/Latest/HowTos/Debugging-JSON-connections 301
/SmartGit/HowTos/Debugging-Refresh-related-problems-of-external-changes- /SmartGit/Latest/HowTos/Debugging-Refresh-related-problems-of-external-changes- 301
/SmartGit/HowTos/Debugging-Refresh-related-problems-of-external-changes-.html /SmartGit/Latest/HowTos/Debugging-Refresh-related-problems-of-external-changes- 301
/SmartGit/HowTos/Debugging-SSL-related-problems /SmartGit/Latest/HowTos/Debugging-SSL-related-problems 301
/SmartGit/HowTos/Debugging-SSL-related-problems.html /SmartGit/Latest/HowTos/Debugging-SSL-related-problems 301
/SmartGit/HowTos/Debugging-smartgit.exe-startup-Exe4J- /SmartGit/Latest/HowTos/Debugging-smartgit.exe-startup-Exe4J- 301
/SmartGit/HowTos/Debugging-smartgit.exe-startup-Exe4J-.html /SmartGit/Latest/HowTos/Debugging-smartgit.exe-startup-Exe4J- 301
/SmartGit/HowTos/Debugging.html /SmartGit/Latest/HowTos/Debugging 301
/SmartGit/HowTos/EXCEPTION-IN-PAGE-ERROR /SmartGit/Latest/HowTos/EXCEPTION-IN-PAGE-ERROR 301
/SmartGit/HowTos/EXCEPTION-IN-PAGE-ERROR.html /SmartGit/Latest/HowTos/EXCEPTION-IN-PAGE-ERROR 301
/SmartGit/HowTos/Enabling-the-cherry-picked-from-commit-...-message /SmartGit/Latest/HowTos/Enabling-the-cherry-picked-from-commit-...-message 301
/SmartGit/HowTos/Enabling-the-cherry-picked-from-commit-/.-message.html /SmartGit/Latest/HowTos/Enabling-the-cherry-picked-from-commit-/.-message 301
/SmartGit/HowTos/Environmental-differences-between-SmartGit-and-command-line-Git /SmartGit/Latest/HowTos/Environmental-differences-between-SmartGit-and-command-line-Git 301
/SmartGit/HowTos/Environmental-differences-between-SmartGit-and-command-line-Git.html /SmartGit/Latest/HowTos/Environmental-differences-between-SmartGit-and-command-line-Git 301
/SmartGit/HowTos/External-Tools-configuring-a-3-way-diff /SmartGit/Latest/HowTos/External-Tools-configuring-a-3-way-diff 301
/SmartGit/HowTos/External-Tools-configuring-a-3-way-diff.html /SmartGit/Latest/HowTos/External-Tools-configuring-a-3-way-diff 301
/SmartGit/HowTos/Finding-bugs-with-Application-Verifier /SmartGit/Latest/HowTos/Finding-bugs-with-Application-Verifier 301
/SmartGit/HowTos/Finding-bugs-with-Application-Verifier.html /SmartGit/Latest/HowTos/Finding-bugs-with-Application-Verifier 301
/SmartGit/HowTos/Fixing-the-Git-configuration-for-a-local-repository-shared-between-different-operating-systems /SmartGit/Latest/HowTos/Fixing-the-Git-configuration-for-a-local-repository-shared-between-different-operating-systems 301
/SmartGit/HowTos/Fixing-the-Git-configuration-for-a-local-repository-shared-between-different-operating-systems.html /SmartGit/Latest/HowTos/Fixing-the-Git-configuration-for-a-local-repository-shared-between-different-operating-systems 301
/SmartGit/HowTos/GitHub-keeping-in-sync-with-the-upstream-repository /SmartGit/Latest/HowTos/GitHub-keeping-in-sync-with-the-upstream-repository 301
/SmartGit/HowTos/GitHub-keeping-in-sync-with-the-upstream-repository.html /SmartGit/Latest/HowTos/GitHub-keeping-in-sync-with-the-upstream-repository 301
/SmartGit/HowTos/How-to-compare-two-branches-commits- /SmartGit/Latest/HowTos/How-to-compare-two-branches-commits- 301
/SmartGit/HowTos/How-to-compare-two-branches-commits-.html /SmartGit/Latest/HowTos/How-to-compare-two-branches-commits- 301
/SmartGit/HowTos/How-to-examine-the-content-of-a-stash /SmartGit/Latest/HowTos/How-to-examine-the-content-of-a-stash 301
/SmartGit/HowTos/How-to-examine-the-content-of-a-stash.html /SmartGit/Latest/HowTos/How-to-examine-the-content-of-a-stash 301
/SmartGit/HowTos/How-to-fix-an-Index-which-contains-the-same-file-name-multiple-times-but-with-different-encodings /SmartGit/Latest/HowTos/How-to-fix-an-Index-which-contains-the-same-file-name-multiple-times-but-with-different-encodings 301
/SmartGit/HowTos/How-to-fix-an-Index-which-contains-the-same-file-name-multiple-times-but-with-different-encodings.html /SmartGit/Latest/HowTos/How-to-fix-an-Index-which-contains-the-same-file-name-multiple-times-but-with-different-encodings 301
/SmartGit/HowTos/How-to-perform-a-cherry-pick /SmartGit/Latest/HowTos/How-to-perform-a-cherry-pick 301
/SmartGit/HowTos/How-to-perform-a-cherry-pick.html /SmartGit/Latest/HowTos/How-to-perform-a-cherry-pick 301
/SmartGit/HowTos/How-to-perform-normal-merges-and-squash-merges /SmartGit/Latest/HowTos/How-to-perform-normal-merges-and-squash-merges 301
/SmartGit/HowTos/How-to-perform-normal-merges-and-squash-merges.html /SmartGit/Latest/HowTos/How-to-perform-normal-merges-and-squash-merges 301
/SmartGit/HowTos/How-to-perform-squash-merges /SmartGit/Latest/HowTos/How-to-perform-squash-merges 301
/SmartGit/HowTos/How-to-perform-squash-merges.html /SmartGit/Latest/HowTos/How-to-perform-squash-merges 301
/SmartGit/HowTos/How-to-resolve-conflicts /SmartGit/Latest/HowTos/How-to-resolve-conflicts 301
/SmartGit/HowTos/How-to-resolve-conflicts.html /SmartGit/Latest/HowTos/How-to-resolve-conflicts 301
/SmartGit/HowTos/How-to-set-up-a-Git-server /SmartGit/Latest/HowTos/How-to-set-up-a-Git-server 301
/SmartGit/HowTos/How-to-set-up-a-Git-server.html /SmartGit/Latest/HowTos/How-to-set-up-a-Git-server 301/SmartSVN/Latest/Directory-Tree-and-File-Table.html /SmartSVN/Latest/Manual/Directory-Tree-and-File-Table 301
/SmartGit/HowTos/Inspecting-SmartGit-s-process-using-VisualVM /SmartGit/Latest/HowTos/Inspecting-SmartGit-s-process-using-VisualVM 301
/SmartGit/HowTos/Inspecting-SmartGit-s-process-using-VisualVM.html /SmartGit/Latest/HowTos/Inspecting-SmartGit-s-process-using-VisualVM 301
/SmartGit/HowTos/Internationalization-for-developers-authors- /SmartGit/Latest/HowTos/Internationalization-for-developers-authors- 301
/SmartGit/HowTos/Internationalization-for-developers-authors-.html /SmartGit/Latest/HowTos/Internationalization-for-developers-authors- 301
/SmartGit/HowTos/Licensing /SmartGit/Latest/HowTos/Licensing 301
/SmartGit/HowTos/Licensing.html /SmartGit/Latest/HowTos/Licensing 301
/SmartGit/HowTos/Linux-problems /SmartGit/Latest/HowTos/Linux-problems 301
/SmartGit/HowTos/Linux-problems.html /SmartGit/Latest/HowTos/Linux-problems 301
/SmartGit/HowTos/Microsoft-Excel-spreadsheet-diffs /SmartGit/Latest/HowTos/Microsoft-Excel-spreadsheet-diffs 301
/SmartGit/HowTos/Microsoft-Excel-spreadsheet-diffs.html /SmartGit/Latest/HowTos/Microsoft-Excel-spreadsheet-diffs 301
/SmartGit/HowTos/Modifying-the-History /SmartGit/Latest/HowTos/Modifying-the-History 301
/SmartGit/HowTos/Modifying-the-History.html /SmartGit/Latest/HowTos/Modifying-the-History 301
/SmartGit/HowTos/Native-crashes-Known-external-causes /SmartGit/Latest/HowTos/Native-crashes-Known-external-causes 301
/SmartGit/HowTos/Native-crashes-Known-external-causes.html /SmartGit/Latest/HowTos/Native-crashes-Known-external-causes 301
/SmartGit/HowTos/Obfuscating-a-repository-to-report-a-problem /SmartGit/Latest/HowTos/Obfuscating-a-repository-to-report-a-problem 301
/SmartGit/HowTos/Obfuscating-a-repository-to-report-a-problem.html /SmartGit/Latest/HowTos/Obfuscating-a-repository-to-report-a-problem 301
/SmartGit/HowTos/Performance-Tuning /SmartGit/Latest/HowTos/Performance-Tuning 301
/SmartGit/HowTos/Performance-Tuning.html /SmartGit/Latest/HowTos/Performance-Tuning 301
/SmartGit/HowTos/Periodical-Thread-Dumps /SmartGit/Latest/HowTos/Periodical-Thread-Dumps 301
/SmartGit/HowTos/Periodical-Thread-Dumps.html /SmartGit/Latest/HowTos/Periodical-Thread-Dumps 301
/SmartGit/HowTos/Possibly-faulty-RAM /SmartGit/Latest/HowTos/Possibly-faulty-RAM 301
/SmartGit/HowTos/Possibly-faulty-RAM.html /SmartGit/Latest/HowTos/Possibly-faulty-RAM 301
/SmartGit/HowTos/Pull-push-rebase-operation-failures /SmartGit/Latest/HowTos/Pull-push-rebase-operation-failures 301
/SmartGit/HowTos/Pull-push-rebase-operation-failures.html /SmartGit/Latest/HowTos/Pull-push-rebase-operation-failures 301
/SmartGit/HowTos/Purchase-Upgrades /SmartGit/Latest/HowTos/Purchase-Upgrades 301
/SmartGit/HowTos/Purchase-Upgrades.html /SmartGit/Latest/HowTos/Purchase-Upgrades 301
/SmartGit/HowTos/Register-a-SmartGit-license /SmartGit/Latest/HowTos/Register-a-SmartGit-license 301
/SmartGit/HowTos/Register-a-SmartGit-license.html /SmartGit/Latest/HowTos/Register-a-SmartGit-license 301
/SmartGit/HowTos/Running-Java-snippets /SmartGit/Latest/HowTos/Running-Java-snippets 301
/SmartGit/HowTos/Running-Java-snippets.html /SmartGit/Latest/HowTos/Running-Java-snippets 301
/SmartGit/HowTos/Running-on-WSLg /SmartGit/Latest/HowTos/Running-on-WSLg 301
/SmartGit/HowTos/Running-on-WSLg.html /SmartGit/Latest/HowTos/Running-on-WSLg 301
/SmartGit/HowTos/SSH /SmartGit/Latest/HowTos/SSH 301
/SmartGit/HowTos/SSH.html /SmartGit/Latest/HowTos/SSH 301
/SmartGit/HowTos/SVN-cloning-with-a-custom-branch-layout /SmartGit/Latest/HowTos/SVN-cloning-with-a-custom-branch-layout 301
/SmartGit/HowTos/SVN-cloning-with-a-custom-branch-layout.html /SmartGit/Latest/HowTos/SVN-cloning-with-a-custom-branch-layout 301
/SmartGit/HowTos/Setting-up-Multiple-URLs-per-Remote /SmartGit/Latest/HowTos/Setting-up-Multiple-URLs-per-Remote 301
/SmartGit/HowTos/Setting-up-Multiple-URLs-per-Remote.html /SmartGit/Latest/HowTos/Setting-up-Multiple-URLs-per-Remote 301
/SmartGit/HowTos/Setting-up-an-SSH-tunnel-Windows- /SmartGit/Latest/HowTos/Setting-up-an-SSH-tunnel-Windows- 301
/SmartGit/HowTos/Setting-up-an-SSH-tunnel-Windows-.html /SmartGit/Latest/HowTos/Setting-up-an-SSH-tunnel-Windows- 301
/SmartGit/HowTos/Setting-up-submodules /SmartGit/Latest/HowTos/Setting-up-submodules 301
/SmartGit/HowTos/Setting-up-submodules.html /SmartGit/Latest/HowTos/Setting-up-submodules 301
/SmartGit/HowTos/Sign-Tags-and-Commits /SmartGit/Latest/HowTos/Sign-Tags-and-Commits 301
/SmartGit/HowTos/Sign-Tags-and-Commits.html /SmartGit/Latest/HowTos/Sign-Tags-and-Commits 301
/SmartGit/HowTos/Staging-unstaging-and-the-Index-Editor /SmartGit/Latest/HowTos/Staging-unstaging-and-the-Index-Editor 301
/SmartGit/HowTos/Staging-unstaging-and-the-Index-Editor.html /SmartGit/Latest/HowTos/Staging-unstaging-and-the-Index-Editor 301
/SmartGit/HowTos/Tracing-the-modified-state-of-a-file /SmartGit/Latest/HowTos/Tracing-the-modified-state-of-a-file 301
/SmartGit/HowTos/Tracing-the-modified-state-of-a-file.html /SmartGit/Latest/HowTos/Tracing-the-modified-state-of-a-file 301
/SmartGit/HowTos/Upgrading-using-plain-http /SmartGit/Latest/HowTos/Upgrading-using-plain-http 301
/SmartGit/HowTos/Upgrading-using-plain-http.html /SmartGit/Latest/HowTos/Upgrading-using-plain-http 301
/SmartGit/HowTos/Using-the-Git-credentials-manager /SmartGit/Latest/HowTos/Using-the-Git-credentials-manager 301
/SmartGit/HowTos/Using-the-Git-credentials-manager.html /SmartGit/Latest/HowTos/Using-the-Git-credentials-manager 301
/SmartGit/HowTos/What-do-I-do-if-I-want-to-rename-move-files-or-directories- /SmartGit/Latest/HowTos/What-do-I-do-if-I-want-to-rename-move-files-or-directories- 301
/SmartGit/HowTos/What-do-I-do-if-I-want-to-rename-move-files-or-directories-.html /SmartGit/Latest/HowTos/What-do-I-do-if-I-want-to-rename-move-files-or-directories- 301
/SmartGit/HowTos/Why-are-my-files-directories-not-shown- /SmartGit/Latest/HowTos/Why-are-my-files-directories-not-shown- 301
/SmartGit/HowTos/Why-are-my-files-directories-not-shown-.html /SmartGit/Latest/HowTos/Why-are-my-files-directories-not-shown- 301
/SmartGit/HowTos/You-probably-have-a-process-leak-on-your-system /SmartGit/Latest/HowTos/You-probably-have-a-process-leak-on-your-system 301
/SmartGit/HowTos/You-probably-have-a-process-leak-on-your-system.html /SmartGit/Latest/HowTos/You-probably-have-a-process-leak-on-your-system 301
/SmartGit/HowTos/Your-pagefile-size-is-limited-to-a-low-value /SmartGit/Latest/HowTos/Your-pagefile-size-is-limited-to-a-low-value 301
/SmartGit/HowTos/Your-pagefile-size-is-limited-to-a-low-value.html /SmartGit/Latest/HowTos/Your-pagefile-size-is-limited-to-a-low-value 301
/SmartGit/HowTos/Your-system-ran-out-of-virtual-memory /SmartGit/Latest/HowTos/Your-system-ran-out-of-virtual-memory 301
/SmartGit/HowTos/Your-system-ran-out-of-virtual-memory.html /SmartGit/Latest/HowTos/Your-system-ran-out-of-virtual-memory 301
/SmartGit/HowTos/git-...-is-not-a-git-command /SmartGit/Latest/HowTos/git-...-is-not-a-git-command 301
/SmartGit/HowTos/git-/.-is-not-a-git-command.html /SmartGit/Latest/HowTos/git-/.-is-not-a-git-command 301
/SmartGit/HowTos/https-Remember-different-passwords-for-same-server /SmartGit/Latest/HowTos/https-Remember-different-passwords-for-same-server 301
/SmartGit/HowTos/https-Remember-different-passwords-for-same-server.html /SmartGit/Latest/HowTos/https-Remember-different-passwords-for-same-server 301
/SmartGit/HowTos/index.html /SmartGit/Latest/HowTos/ 301
/SmartGit/HowTos/invalid-encoding /SmartGit/Latest/HowTos/invalid-encoding 301
/SmartGit/HowTos/invalid-encoding.html /SmartGit/Latest/HowTos/invalid-encoding 301
/SmartGit/Latest/AddOns /SmartGit/Latest/Manual/AddOns 301
/SmartGit/Latest/AddOns/ /SmartGit/Latest/Manual/AddOns 301
/SmartGit/Latest/AddOns/Distributed-Reviews-add-on- /SmartGit/Latest/Manual/AddOns/Distributed-Reviews-add-on- 301
/SmartGit/Latest/AddOns/Server-side-component /SmartGit/Latest/Manual/AddOns/Server-side-component 301
/SmartGit/Latest/Advanced-Settings /SmartGit/Latest/Manual/GUI/AdvancedSettings 301
/SmartGit/Latest/Advanced-Settings.html /SmartGit/Latest/Manual/GUI/AdvancedSettings 301
/SmartGit/Latest/Azure-DevOps /SmartGit/Latest/Manual/Integrations/Azure-DevOps 301
/SmartGit/Latest/Azure-DevOps.html /SmartGit/Latest/Manual/Integrations/Azure-DevOps 301
/SmartGit/Latest/Bisect /SmartGit/Latest/Manual/GUI/Bisect 301
/SmartGit/Latest/Bisect.html /SmartGit/Latest/Manual/GUI/Bisect 301
/SmartGit/Latest/BitBucket-Server-Atlassian-Stash-integration /SmartGit/Latest/Manual/Integrations/BitBucket-Server-Atlassian-Stash-integration 301
/SmartGit/Latest/BitBucket-Server-Atlassian-Stash-integration.html /SmartGit/Latest/Manual/Integrations/BitBucket-Server-Atlassian-Stash-integration 301
/SmartGit/Latest/Bitbucket-integration /SmartGit/Latest/Manual/Integrations/Bitbucket-integration 301
/SmartGit/Latest/Bitbucket-integration.html /SmartGit/Latest/Manual/Integrations/Bitbucket-integration 301
/SmartGit/Latest/Blame /SmartGit/Latest/Manual/GUI/Blame 301
/SmartGit/Latest/Blame.html /SmartGit/Latest/Manual/GUI/Blame 301
/SmartGit/Latest/Branches /SmartGit/Latest/Manual/GitConcepts/Branches 301
/SmartGit/Latest/Branches-view /SmartGit/Latest/Manual/GUI/Branches-view 301
/SmartGit/Latest/Branches-view.html /SmartGit/Latest/Manual/GUI/Branches-view 301
/SmartGit/Latest/Branches.html /SmartGit/Latest/Manual/GitConcepts/Branches 301
/SmartGit/Latest/Bug-Reports /SmartGit/Latest/Manual/GUI/Bug-Reports 301
/SmartGit/Latest/Bug-Reports.html /SmartGit/Latest/Manual/GUI/Bug-Reports 301
/SmartGit/Latest/Bugtraq-links-to-issue-trackers- /SmartGit/Latest/Manual/GUI/Bugtraq-links-to-issue-trackers- 301
/SmartGit/Latest/Bugtraq-links-to-issue-trackers-.html /SmartGit/Latest/Manual/GUI/Bugtraq-links-to-issue-trackers- 301
/SmartGit/Latest/Check-Out /SmartGit/Latest/Manual/GUI/Branch/Check-Out 301
/SmartGit/Latest/Check-Out.html /SmartGit/Latest/Manual/GUI/Branch/Check-Out 301
/SmartGit/Latest/Cherry-Pick /SmartGit/Latest/Manual/GUI/Branch/Cherry-Pick 301
/SmartGit/Latest/Cherry-Pick.html /SmartGit/Latest/Manual/GUI/Branch/Cherry-Pick 301
/SmartGit/Latest/Clone /SmartGit/Latest/Manual/GUI/Repository/Clone 301
/SmartGit/Latest/Clone.html /SmartGit/Latest/Manual/GUI/Repository/Clone 301
/SmartGit/Latest/Command-Line-Options /SmartGit/Latest/Manual/GUI/Command-Line-Options 301
/SmartGit/Latest/Command-Line-Options.html /SmartGit/Latest/Manual/GUI/Command-Line-Options 301
/SmartGit/Latest/Commercial-only-features /SmartGit/Latest/Manual/Licensing/Commercial-only-features 301
/SmartGit/Latest/Commercial-only-features.html /SmartGit/Latest/Manual/Licensing/Commercial-only-features 301
/SmartGit/Latest/Commits /SmartGit/Latest/Manual/GitConcepts/Commits 301
/SmartGit/Latest/Commits.html /SmartGit/Latest/Manual/GitConcepts/Commits 301
/SmartGit/Latest/Company-wide-installation /SmartGit/Latest/Manual/Installation/Company-wide-installation 301
/SmartGit/Latest/Company-wide-installation.html /SmartGit/Latest/Manual/Installation/Company-wide-installation 301
/SmartGit/Latest/DevelopmentProcesses /SmartGit/Latest/Manual/DevelopmentProcesses 301
/SmartGit/Latest/DevelopmentProcesses.html /SmartGit/Latest/Manual/DevelopmentProcesses 301
/SmartGit/Latest/DevelopmentProcesses/ /SmartGit/Latest/Manual/DevelopmentProcesses 301
/SmartGit/Latest/DevelopmentProcesses/Feature-Flow /SmartGit/Latest/Manual/DevelopmentProcesses/Feature-Flow 301
/SmartGit/Latest/DevelopmentProcesses/Git-Flow /SmartGit/Latest/Manual/DevelopmentProcesses/Git-Flow 301
/SmartGit/Latest/DevelopmentProcesses/Git-Flow-Light /SmartGit/Latest/Manual/DevelopmentProcesses/Git-Flow-Light 301
/SmartGit/Latest/Distributed-Reviews-add-on- /SmartGit/Latest/Manual/AddOns/Distributed-Reviews-add-on- 301
/SmartGit/Latest/Distributed-Reviews-add-on-.html /SmartGit/Latest/Manual/AddOns/Distributed-Reviews-add-on- 301
/SmartGit/Latest/GUI /SmartGit/Latest/Manual/GUI 301
/SmartGit/Latest/GUI/ /SmartGit/Latest/Manual/GUI 301
/SmartGit/Latest/GUI/AdvancedSettings /SmartGit/Latest/Manual/GUI/AdvancedSettings 301
/SmartGit/Latest/GUI/AdvancedSettings/ /SmartGit/Latest/Manual/GUI/AdvancedSettings 301
/SmartGit/Latest/GUI/AdvancedSettings/System-Properties /SmartGit/Latest/Manual/GUI/AdvancedSettings/System-Properties 301
/SmartGit/Latest/GUI/AdvancedSettings/Theme-Customization /SmartGit/Latest/Manual/GUI/AdvancedSettings/Theme-Customization 301
/SmartGit/Latest/GUI/AdvancedSettings/VM-options /SmartGit/Latest/Manual/GUI/AdvancedSettings/VM-options 301
/SmartGit/Latest/GUI/Bisect /SmartGit/Latest/Manual/GUI/Bisect 301
/SmartGit/Latest/GUI/Blame /SmartGit/Latest/Manual/GUI/Blame 301
/SmartGit/Latest/GUI/Branch /SmartGit/Latest/Manual/GUI/Branch/Branching 301
/SmartGit/Latest/GUI/Branch/ /SmartGit/Latest/Manual/GUI/Branch/Branching 301
/SmartGit/Latest/GUI/Branch/Check-Out /SmartGit/Latest/Manual/GUI/Branch/Check-Out 301
/SmartGit/Latest/GUI/Branch/Cherry-Pick /SmartGit/Latest/Manual/GUI/Branch/Cherry-Pick 301
/SmartGit/Latest/GUI/Branch/Conflict-Solver /SmartGit/Latest/Manual/GUI/Branch/Conflict-Solver 301
/SmartGit/Latest/GUI/Branch/Manipulating-branches-tags /SmartGit/Latest/Manual/GUI/Branch/Manipulating-branches-tags 301
/SmartGit/Latest/GUI/Branch/Merge /SmartGit/Latest/Manual/GUI/Branch/Merge 301
/SmartGit/Latest/GUI/Branch/Rebase /SmartGit/Latest/Manual/GUI/Branch/Rebase 301
/SmartGit/Latest/GUI/Branch/Rebase-Interactive /SmartGit/Latest/Manual/GUI/Branch/Rebase-Interactive 301
/SmartGit/Latest/GUI/Branch/Revert /SmartGit/Latest/Manual/GUI/Branch/Revert 301
/SmartGit/Latest/GUI/Branches-view /SmartGit/Latest/Manual/GUI/Branches-view 301
/SmartGit/Latest/GUI/Bug-Reports /SmartGit/Latest/Manual/GUI/Bug-Reports 301
/SmartGit/Latest/GUI/Bugtraq-links-to-issue-trackers- /SmartGit/Latest/Manual/GUI/Bugtraq-links-to-issue-trackers- 301
/SmartGit/Latest/GUI/Command-Line-Options /SmartGit/Latest/Manual/GUI/Command-Line-Options 301
/SmartGit/Latest/GUI/Commit-View /SmartGit/Latest/Manual/GUI/Commit-View 301
/SmartGit/Latest/GUI/Graph-View /SmartGit/Latest/Manual/GUI/Graph-View 301
/SmartGit/Latest/GUI/Investigate /SmartGit/Latest/Manual/GUI/Investigate 301
/SmartGit/Latest/GUI/Journal-View /SmartGit/Latest/Manual/GUI/Journal-View 301
/SmartGit/Latest/GUI/Local-Operations-on-the-Working-Tree /SmartGit/Latest/Manual/GUI/Local-Operations-on-the-Working-Tree 301
/SmartGit/Latest/GUI/Log /SmartGit/Latest/Manual/GUI/Log 301
/SmartGit/Latest/GUI/Log-Window /SmartGit/Latest/Manual/GUI/Log-Window 301
/SmartGit/Latest/GUI/Main-Windows /SmartGit/Latest/Manual/GUI/Main-Windows 301
/SmartGit/Latest/GUI/Preferences /SmartGit/Latest/Manual/GUI/Preferences 301
/SmartGit/Latest/GUI/Preferences/ /SmartGit/Latest/Manual/GUI/Preferences 301
/SmartGit/Latest/GUI/Preferences/Commands /SmartGit/Latest/Manual/GUI/Preferences/Commands 301
/SmartGit/Latest/GUI/Preferences/Tools /SmartGit/Latest/Manual/GUI/Preferences/Tools 301
/SmartGit/Latest/GUI/Preferences/User-Interface /SmartGit/Latest/Manual/GUI/Preferences/User-Interface 301
/SmartGit/Latest/GUI/Repositories-View /SmartGit/Latest/Manual/GUI/Repositories-View 301
/SmartGit/Latest/GUI/Repository /SmartGit/Latest/Manual/GUI/Repository 301
/SmartGit/Latest/GUI/Repository/ /SmartGit/Latest/Manual/GUI/Repository 301
/SmartGit/Latest/GUI/Repository/Clone /SmartGit/Latest/Manual/GUI/Repository/Clone 301
/SmartGit/Latest/GUI/Repository/Managing-Remotes /SmartGit/Latest/Manual/GUI/Repository/Managing-Remotes 301
/SmartGit/Latest/GUI/Repository/Repositories-Directories-and-Files /SmartGit/Latest/Manual/GUI/Repository/Repositories-Directories-and-Files 301
/SmartGit/Latest/GUI/Repository/Repository-Settings /SmartGit/Latest/Manual/GUI/Repository/Repository-Settings 301
/SmartGit/Latest/GUI/Repository/Submodules /SmartGit/Latest/Manual/GUI/Repository/Submodules 301
/SmartGit/Latest/GUI/Repository/Subtrees /SmartGit/Latest/Manual/GUI/Repository/Subtrees 301
/SmartGit/Latest/GUI/Repository/Synchronizing-with-Remote-Repositories /SmartGit/Latest/Manual/GUI/Repository/Synchronizing-with-Remote-Repositories 301
/SmartGit/Latest/GUI/Standard-Window /SmartGit/Latest/Manual/GUI/Standard-Window 301
/SmartGit/Latest/GUI/Tips-and-Tricks /SmartGit/Latest/Manual/GUI/Tips-and-Tricks 301
/SmartGit/Latest/GUI/Working-Tree-Window /SmartGit/Latest/Manual/GUI/Working-Tree-Window 301
/SmartGit/Latest/Gerrit /SmartGit/Latest/Manual/Integrations/Gerrit 301
/SmartGit/Latest/Gerrit.html /SmartGit/Latest/Manual/Integrations/Gerrit 301
/SmartGit/Latest/Git-Concepts /SmartGit/Latest/Manual/GitConcepts 301
/SmartGit/Latest/Git-Concepts.html /SmartGit/Latest/Manual/GitConcepts 301
/SmartGit/Latest/Git-Flow /SmartGit/Latest/Manual/DevelopmentProcesses/Git-Flow 301
/SmartGit/Latest/Git-Flow-Light /SmartGit/Latest/Manual/DevelopmentProcesses/Git-Flow-Light 301
/SmartGit/Latest/Git-Flow-Light.html /SmartGit/Latest/Manual/DevelopmentProcesses/Git-Flow-Light 301
/SmartGit/Latest/Git-Flow.html /SmartGit/Latest/Manual/DevelopmentProcesses/Git-Flow 301
/SmartGit/Latest/Git-LFS /SmartGit/Latest/Manual/Integrations/Git-LFS 301
/SmartGit/Latest/Git-LFS.html /SmartGit/Latest/Manual/Integrations/Git-LFS 301
/SmartGit/Latest/GitConcepts /SmartGit/Latest/Manual/GitConcepts 301
/SmartGit/Latest/GitConcepts/ /SmartGit/Latest/Manual/GitConcepts 301
/SmartGit/Latest/GitConcepts/Branches /SmartGit/Latest/Manual/GitConcepts/Branches 301
/SmartGit/Latest/GitConcepts/Cherry-Picking /SmartGit/Latest/Manual/GitConcepts/Cherry-Picking 301
/SmartGit/Latest/GitConcepts/Commits /SmartGit/Latest/Manual/GitConcepts/Commits 301
/SmartGit/Latest/GitConcepts/CommonTerms /SmartGit/Latest/Manual/GitConcepts/CommonTerms 301
/SmartGit/Latest/GitConcepts/Git-for-SVN-users /SmartGit/Latest/Manual/GitConcepts/Git-for-SVN-users 301
/SmartGit/Latest/GitConcepts/Merging /SmartGit/Latest/Manual/GitConcepts/Merging 301
/SmartGit/Latest/GitConcepts/Rebasing /SmartGit/Latest/Manual/GitConcepts/Rebasing 301
/SmartGit/Latest/GitConcepts/Reverting /SmartGit/Latest/Manual/GitConcepts/Reverting 301
/SmartGit/Latest/GitConcepts/Submodules /SmartGit/Latest/Manual/GitConcepts/Submodules 301
/SmartGit/Latest/GitConcepts/The-Index /SmartGit/Latest/Manual/GitConcepts/The-Index 301
/SmartGit/Latest/GitConcepts/Working-Tree-States /SmartGit/Latest/Manual/GitConcepts/Working-Tree-States 301
/SmartGit/Latest/GitHub-Actions /SmartGit/Latest/Manual/Integrations/GitHub-Actions 301
/SmartGit/Latest/GitHub-Actions.html /SmartGit/Latest/Manual/Integrations/GitHub-Actions 301
/SmartGit/Latest/GitHub-Enterprise-Integration /SmartGit/Latest/Manual/Integrations/GitHub-Enterprise-Integration 301
/SmartGit/Latest/GitHub-Enterprise-Integration.html /SmartGit/Latest/Manual/Integrations/GitHub-Enterprise-Integration 301
/SmartGit/Latest/GitHub-integration /SmartGit/Latest/Manual/Integrations/GitHub-integration 301
/SmartGit/Latest/GitHub-integration.html /SmartGit/Latest/Manual/Integrations/GitHub-integration 301
/SmartGit/Latest/GitLab /SmartGit/Latest/Manual/Integrations/GitLab 301
/SmartGit/Latest/GitLab.html /SmartGit/Latest/Manual/Integrations/GitLab 301
/SmartGit/Latest/Hobby-Use-License /SmartGit/Latest/Manual/Licensing/Hobby-Use-License 301
/SmartGit/Latest/Hobby-Use-License.html /SmartGit/Latest/Manual/Licensing/Hobby-Use-License 301
/SmartGit/Latest/Installation /SmartGit/Latest/Manual/Installation 301
/SmartGit/Latest/Installation-and-Files /SmartGit/Latest/Manual/Installation/Installation-and-Files 301
/SmartGit/Latest/Installation-and-Files.html /SmartGit/Latest/Manual/Installation/Installation-and-Files 301
/SmartGit/Latest/Installation/ /SmartGit/Latest/Manual/Installation 301
/SmartGit/Latest/Installation/Company-wide-installation /SmartGit/Latest/Manual/Installation/Company-wide-installation 301
/SmartGit/Latest/Installation/Installation-and-Files /SmartGit/Latest/Manual/Installation/Installation-and-Files 301
/SmartGit/Latest/Installation/On-premise-license-server /SmartGit/Latest/Manual/Installation/On-premise-license-server 301
/SmartGit/Latest/Installation/On-premise-update-server /SmartGit/Latest/Manual/Installation/On-premise-update-server 301
/SmartGit/Latest/Integrations /SmartGit/Latest/Manual/Integrations 301
/SmartGit/Latest/Integrations/ /SmartGit/Latest/Manual/Integrations 301
/SmartGit/Latest/Integrations/Azure-DevOps /SmartGit/Latest/Manual/Integrations/Azure-DevOps 301
/SmartGit/Latest/Integrations/BitBucket-Server-Atlassian-Stash-integration /SmartGit/Latest/Manual/Integrations/BitBucket-Server-Atlassian-Stash-integration 301
/SmartGit/Latest/Integrations/Bitbucket-integration /SmartGit/Latest/Manual/Integrations/Bitbucket-integration 301
/SmartGit/Latest/Integrations/Gerrit /SmartGit/Latest/Manual/Integrations/Gerrit 301
/SmartGit/Latest/Integrations/Git-LFS /SmartGit/Latest/Manual/Integrations/Git-LFS 301
/SmartGit/Latest/Integrations/GitHub-Actions /SmartGit/Latest/Manual/Integrations/GitHub-Actions 301
/SmartGit/Latest/Integrations/GitHub-Enterprise-Integration /SmartGit/Latest/Manual/Integrations/GitHub-Enterprise-Integration 301
/SmartGit/Latest/Integrations/GitHub-integration /SmartGit/Latest/Manual/Integrations/GitHub-integration 301
/SmartGit/Latest/Integrations/GitLab /SmartGit/Latest/Manual/Integrations/GitLab 301
/SmartGit/Latest/Integrations/JIRA /SmartGit/Latest/Manual/Integrations/JIRA 301
/SmartGit/Latest/Integrations/Jenkins /SmartGit/Latest/Manual/Integrations/Jenkins 301
/SmartGit/Latest/Integrations/TeamCity /SmartGit/Latest/Manual/Integrations/TeamCity 301
/SmartGit/Latest/JIRA /SmartGit/Latest/Manual/Integrations/JIRA 301
/SmartGit/Latest/JIRA.html /SmartGit/Latest/Manual/Integrations/JIRA 301
/SmartGit/Latest/Jenkins /SmartGit/Latest/Manual/Integrations/Jenkins 301
/SmartGit/Latest/Jenkins.html /SmartGit/Latest/Manual/Integrations/Jenkins 301
/SmartGit/Latest/Journal-View /SmartGit/Latest/Manual/GUI/Journal-View 301
/SmartGit/Latest/Journal-View.html /SmartGit/Latest/Manual/GUI/Journal-View 301
/SmartGit/Latest/Licensing /SmartGit/Latest/Manual/Licensing 301
/SmartGit/Latest/Licensing/ /SmartGit/Latest/Manual/Licensing 301
/SmartGit/Latest/Licensing/Commercial-only-features /SmartGit/Latest/Manual/Licensing/Commercial-only-features 301
/SmartGit/Latest/Licensing/Hobby-Use-License /SmartGit/Latest/Manual/Licensing/Hobby-Use-License 301
/SmartGit/Latest/Local-Operations-on-the-Working-Tree /SmartGit/Latest/Manual/GUI/Local-Operations-on-the-Working-Tree 301
/SmartGit/Latest/Local-Operations-on-the-Working-Tree.html /SmartGit/Latest/Manual/GUI/Local-Operations-on-the-Working-Tree 301
/SmartGit/Latest/Log /SmartGit/Latest/Manual/GUI/Log 301
/SmartGit/Latest/Log.html /SmartGit/Latest/Manual/GUI/Log 301
/SmartGit/Latest/Main-Windows /SmartGit/Latest/Manual/GUI/Main-Windows 301
/SmartGit/Latest/Main-Windows.html /SmartGit/Latest/Manual/GUI/Main-Windows 301
/SmartGit/Latest/Managing-Remotes /SmartGit/Latest/Manual/GUI/Repository/Managing-Remotes 301
/SmartGit/Latest/Managing-Remotes.html /SmartGit/Latest/Manual/GUI/Repository/Managing-Remotes 301
/SmartGit/Latest/Manipulating-branches-tags /SmartGit/Latest/Manual/GUI/Branch/Manipulating-branches-tags 301
/SmartGit/Latest/Manipulating-branches-tags.html /SmartGit/Latest/Manual/GUI/Branch/Manipulating-branches-tags 301
/SmartGit/Latest/Merge /SmartGit/Latest/Manual/GUI/Branch/Merge 301
/SmartGit/Latest/Merge.html /SmartGit/Latest/Manual/GUI/Branch/Merge 301
/SmartGit/Latest/On-premise-license-server /SmartGit/Latest/Manual/Installation/On-premise-license-server 301
/SmartGit/Latest/On-premise-license-server.html /SmartGit/Latest/Manual/Installation/On-premise-license-server 301
/SmartGit/Latest/On-premise-update-server /SmartGit/Latest/Manual/Installation/On-premise-update-server 301
/SmartGit/Latest/On-premise-update-server.html /SmartGit/Latest/Manual/Installation/On-premise-update-server 301
/SmartGit/Latest/Preferences /SmartGit/Latest/Manual/GUI/Preferences 301
/SmartGit/Latest/Preferences.html /SmartGit/Latest/Manual/GUI/Preferences 301
/SmartGit/Latest/Rebase /SmartGit/Latest/Manual/GUI/Branch/Rebase 301
/SmartGit/Latest/Rebase-Interactive /SmartGit/Latest/Manual/GUI/Branch/Rebase-Interactive 301
/SmartGit/Latest/Rebase-Interactive.html /SmartGit/Latest/Manual/GUI/Branch/Rebase-Interactive 301
/SmartGit/Latest/Rebase.html /SmartGit/Latest/Manual/GUI/Branch/Rebase 301
/SmartGit/Latest/Repositories-Directories-and-Files /SmartGit/Latest/Manual/GUI/Repository/Repositories-Directories-and-Files 301
/SmartGit/Latest/Repositories-Directories-and-Files.html /SmartGit/Latest/Manual/GUI/Repository/Repositories-Directories-and-Files 301
/SmartGit/Latest/Repository-Related /SmartGit/Latest/Manual/GUI/Repository 301
/SmartGit/Latest/Repository-Related.html /SmartGit/Latest/Manual/GUI/Repository 301
/SmartGit/Latest/Repository-Settings /SmartGit/Latest/Manual/GUI/Repository/Repository-Settings 301
/SmartGit/Latest/Repository-Settings.html /SmartGit/Latest/Manual/GUI/Repository/Repository-Settings 301
/SmartGit/Latest/Revert /SmartGit/Latest/Manual/GUI/Branch/Revert 301
/SmartGit/Latest/Revert.html /SmartGit/Latest/Manual/GUI/Branch/Revert 301
/SmartGit/Latest/Server-side-component /SmartGit/Latest/Manual/AddOns/Server-side-component 301
/SmartGit/Latest/Server-side-component.html /SmartGit/Latest/Manual/AddOns/Server-side-component 301
/SmartGit/Latest/Submodules /SmartGit/Latest/Manual/GUI/Repository/Submodules 301
/SmartGit/Latest/Submodules.html /SmartGit/Latest/Manual/GUI/Repository/Submodules 301
/SmartGit/Latest/Subtrees /SmartGit/Latest/Manual/GUI/Repository/Subtrees 301
/SmartGit/Latest/Subtrees.html /SmartGit/Latest/Manual/GUI/Repository/Subtrees 301
/SmartGit/Latest/Synchronizing-with-Remote-Repositories /SmartGit/Latest/Manual/GUI/Repository/Synchronizing-with-Remote-Repositories 301
/SmartGit/Latest/Synchronizing-with-Remote-Repositories.html /SmartGit/Latest/Manual/GUI/Repository/Synchronizing-with-Remote-Repositories 301
/SmartGit/Latest/System-Properties /SmartGit/Latest/Manual/GUI/AdvancedSettings/System-Properties 301
/SmartGit/Latest/System-Properties.html /SmartGit/Latest/Manual/GUI/AdvancedSettings/System-Properties 301
/SmartGit/Latest/TeamCity /SmartGit/Latest/Manual/Integrations/TeamCity 301
/SmartGit/Latest/TeamCity.html /SmartGit/Latest/Manual/Integrations/TeamCity 301
/SmartGit/Latest/The-Index /SmartGit/Latest/Manual/GitConcepts/The-Index 301
/SmartGit/Latest/The-Index.html /SmartGit/Latest/Manual/GitConcepts/The-Index 301
/SmartGit/Latest/Theme-Customization /SmartGit/Latest/Manual/GUI/AdvancedSettings/Theme-Customization 301
/SmartGit/Latest/Theme-Customization.html /SmartGit/Latest/Manual/GUI/AdvancedSettings/Theme-Customization 301
/SmartGit/Latest/Tips-and-Tricks /SmartGit/Latest/Manual/GUI/Tips-and-Tricks 301
/SmartGit/Latest/Tips-and-Tricks.html /SmartGit/Latest/Manual/GUI/Tips-and-Tricks 301
/SmartGit/Latest/Tools /SmartGit/Latest/Manual/GUI/Preferences/Tools 301
/SmartGit/Latest/Tools.html /SmartGit/Latest/Manual/GUI/Preferences/Tools 301
/SmartGit/Latest/VM-options /SmartGit/Latest/Manual/GUI/AdvancedSettings/VM-options 301
/SmartGit/Latest/VM-options.html /SmartGit/Latest/Manual/GUI/AdvancedSettings/VM-options 301
/SmartGit/Latest/Working-Tree-States /SmartGit/Latest/Manual/GitConcepts/Working-Tree-States 301
/SmartGit/Latest/Working-Tree-States.html /SmartGit/Latest/Manual/GitConcepts/Working-Tree-States 301
/SmartSVN/HowTos/Analyzing-Connection-Problems /SmartSVN/Latest/HowTos/Analyzing-Connection-Problems 301
/SmartSVN/HowTos/Best-Practices /SmartSVN/Latest/HowTos/Best-Practices 301
/SmartSVN/HowTos/Changing-the-Folder-Watch-Limit-Linux- /SmartSVN/Latest/HowTos/Changing-the-Folder-Watch-Limit-Linux- 301
/SmartSVN/HowTos/Creating-Thread-Dumps /SmartSVN/Latest/HowTos/Creating-Thread-Dumps 301
/SmartSVN/HowTos/Debugging /SmartSVN/Latest/HowTos/Debugging 301
/SmartSVN/HowTos/Debugging-Refresh-related-problems /SmartSVN/Latest/HowTos/Debugging-Refresh-related-problems 301
/SmartSVN/HowTos/Debugging-the-Windows-Explorer-integration /SmartSVN/Latest/HowTos/Debugging-the-Windows-Explorer-integration 301
/SmartSVN/HowTos/How-to-add-a-file-with-inconsistent-newlines- /SmartSVN/Latest/HowTos/How-to-add-a-file-with-inconsistent-newlines- 301
/SmartSVN/HowTos/Periodical-Thread-Dump /SmartSVN/Latest/HowTos/Periodical-Thread-Dump 301
/SmartSVN/HowTos/Rocky-Linux /SmartSVN/Latest/HowTos/Rocky-Linux 301
/SmartSVN/HowTos/SASL-Configuring-a-simple-repository-Windows- /SmartSVN/Latest/HowTos/SASL-Configuring-a-simple-repository-Windows- 301
/SmartSVN/HowTos/SSH /SmartSVN/Latest/HowTos/SSH 301
/SmartSVN/HowTos/Silent-Installation /SmartSVN/Latest/HowTos/Silent-Installation 301
/SmartSVN/Latest/Add /SmartSVN/Latest/Manual/Add 301
/SmartSVN/Latest/Add-Branch /SmartSVN/Latest/Manual/Add-Branch 301
/SmartSVN/Latest/Add-Branch.html /SmartSVN/Latest/Manual/Add-Branch 301
/SmartSVN/Latest/Add-Tag /SmartSVN/Latest/Manual/Add-Tag 301
/SmartSVN/Latest/Add-Tag.html /SmartSVN/Latest/Manual/Add-Tag 301
/SmartSVN/Latest/Add.html /SmartSVN/Latest/Manual/Add 301
/SmartSVN/Latest/Advanced-Settings /SmartSVN/Latest/Manual/Advanced-Settings 301
/SmartSVN/Latest/Advanced-Settings.html /SmartSVN/Latest/Manual/Advanced-Settings 301
/SmartSVN/Latest/Annotate /SmartSVN/Latest/Manual/Annotate 301
/SmartSVN/Latest/Annotate.html /SmartSVN/Latest/Manual/Annotate 301
/SmartSVN/Latest/Apply-Patch /SmartSVN/Latest/Manual/Apply-Patch 301
/SmartSVN/Latest/Apply-Patch.html /SmartSVN/Latest/Manual/Apply-Patch 301
/SmartSVN/Latest/Bugtraq-Properties /SmartSVN/Latest/Manual/Bugtraq-Properties 301
/SmartSVN/Latest/Bugtraq-Properties.html /SmartSVN/Latest/Manual/Bugtraq-Properties 301
/SmartSVN/Latest/Change-Sets /SmartSVN/Latest/Manual/Change-Sets 301
/SmartSVN/Latest/Change-Sets.html /SmartSVN/Latest/Manual/Change-Sets 301
/SmartSVN/Latest/Changes-View /SmartSVN/Latest/Manual/Changes-View 301
/SmartSVN/Latest/Changes-View.html /SmartSVN/Latest/Manual/Changes-View 301
/SmartSVN/Latest/Check-Out /SmartSVN/Latest/Manual/Check-Out 301
/SmartSVN/Latest/Check-Out.html /SmartSVN/Latest/Manual/Check-Out 301
/SmartSVN/Latest/Clean-Up /SmartSVN/Latest/Manual/Clean-Up 301
/SmartSVN/Latest/Clean-Up.html /SmartSVN/Latest/Manual/Clean-Up 301
/SmartSVN/Latest/Command-Line-options /SmartSVN/Latest/Manual/Command-Line-options 301
/SmartSVN/Latest/Command-Line-options.html /SmartSVN/Latest/Manual/Command-Line-options 301
/SmartSVN/Latest/Commands /SmartSVN/Latest/Manual/Commands 301
/SmartSVN/Latest/Commands.html /SmartSVN/Latest/Manual/Commands 301
/SmartSVN/Latest/Commit /SmartSVN/Latest/Manual/Commit 301
/SmartSVN/Latest/Commit.html /SmartSVN/Latest/Manual/Commit 301
/SmartSVN/Latest/Common-Features /SmartSVN/Latest/Manual/Common-Features 301
/SmartSVN/Latest/Common-Features.html /SmartSVN/Latest/Manual/Common-Features 301
/SmartSVN/Latest/Compare-Repository-Files-or-Directories /SmartSVN/Latest/Manual/Compare-Repository-Files-or-Directories 301
/SmartSVN/Latest/Compare-Repository-Files-or-Directories.html /SmartSVN/Latest/Manual/Compare-Repository-Files-or-Directories 301
/SmartSVN/Latest/Configure-Layout /SmartSVN/Latest/Manual/Configure-Layout 301
/SmartSVN/Latest/Configure-Layout.html /SmartSVN/Latest/Manual/Configure-Layout 301
/SmartSVN/Latest/Conflict-Solver /SmartSVN/Latest/Manual/Conflict-Solver 301
/SmartSVN/Latest/Conflict-Solver.html /SmartSVN/Latest/Manual/Conflict-Solver 301
/SmartSVN/Latest/Copy /SmartSVN/Latest/Manual/Copy 301
/SmartSVN/Latest/Copy-From-Repository /SmartSVN/Latest/Manual/Copy-From-Repository 301
/SmartSVN/Latest/Copy-From-Repository.html /SmartSVN/Latest/Manual/Copy-From-Repository 301
/SmartSVN/Latest/Copy-Move-Repository- /SmartSVN/Latest/Manual/Copy-Move-Repository- 301
/SmartSVN/Latest/Copy-Move-Repository-.html /SmartSVN/Latest/Manual/Copy-Move-Repository- 301
/SmartSVN/Latest/Copy-To-Repository /SmartSVN/Latest/Manual/Copy-To-Repository 301
/SmartSVN/Latest/Copy-To-Repository.html /SmartSVN/Latest/Manual/Copy-To-Repository 301
/SmartSVN/Latest/Copy-Within-Repository /SmartSVN/Latest/Manual/Copy-Within-Repository 301
/SmartSVN/Latest/Copy-Within-Repository.html /SmartSVN/Latest/Manual/Copy-Within-Repository 301
/SmartSVN/Latest/Copy.html /SmartSVN/Latest/Manual/Copy 301
/SmartSVN/Latest/Create-Directory /SmartSVN/Latest/Manual/Create-Directory 301
/SmartSVN/Latest/Create-Directory-Repository- /SmartSVN/Latest/Manual/Create-Directory-Repository- 301
/SmartSVN/Latest/Create-Directory-Repository-.html /SmartSVN/Latest/Manual/Create-Directory-Repository- 301
/SmartSVN/Latest/Create-Directory.html /SmartSVN/Latest/Manual/Create-Directory 301
/SmartSVN/Latest/Delete-Physically /SmartSVN/Latest/Manual/Delete-Physically 301
/SmartSVN/Latest/Delete-Physically.html /SmartSVN/Latest/Manual/Delete-Physically 301
/SmartSVN/Latest/Detect-Moves /SmartSVN/Latest/Manual/Detect-Moves 301
/SmartSVN/Latest/Detect-Moves.html /SmartSVN/Latest/Manual/Detect-Moves 301
/SmartSVN/Latest/Directory-Tree-and-File-Table /SmartSVN/Latest/Manual/Directory-Tree-and-File-Table 301
/SmartSVN/Latest/EOL-Style /SmartSVN/Latest/Manual/EOL-Style 301
/SmartSVN/Latest/EOL-Style.html /SmartSVN/Latest/Manual/EOL-Style 301
/SmartSVN/Latest/Edit-Properties /SmartSVN/Latest/Manual/Edit-Properties 301
/SmartSVN/Latest/Edit-Properties-Repository- /SmartSVN/Latest/Manual/Edit-Properties-Repository- 301
/SmartSVN/Latest/Edit-Properties-Repository-.html /SmartSVN/Latest/Manual/Edit-Properties-Repository- 301
/SmartSVN/Latest/Edit-Properties.html /SmartSVN/Latest/Manual/Edit-Properties 301
/SmartSVN/Latest/Exclude-from-Working-Copy /SmartSVN/Latest/Manual/Exclude-from-Working-Copy 301
/SmartSVN/Latest/Exclude-from-Working-Copy.html /SmartSVN/Latest/Manual/Exclude-from-Working-Copy 301
/SmartSVN/Latest/Executable-Property /SmartSVN/Latest/Manual/Executable-Property 301
/SmartSVN/Latest/Executable-Property.html /SmartSVN/Latest/Manual/Executable-Property 301
/SmartSVN/Latest/Externals /SmartSVN/Latest/Manual/Externals 301
/SmartSVN/Latest/Externals.html /SmartSVN/Latest/Manual/Externals 301
/SmartSVN/Latest/File-Attributes /SmartSVN/Latest/Manual/File-Attributes 301
/SmartSVN/Latest/File-Attributes.html /SmartSVN/Latest/Manual/File-Attributes 301
/SmartSVN/Latest/File-Compare /SmartSVN/Latest/Manual/File-Compare 301
/SmartSVN/Latest/File-Compare.html /SmartSVN/Latest/Manual/File-Compare 301
/SmartSVN/Latest/Fix /SmartSVN/Latest/Manual/Fix 301
/SmartSVN/Latest/Fix.html /SmartSVN/Latest/Manual/Fix 301
/SmartSVN/Latest/Ignore /SmartSVN/Latest/Manual/Ignore 301
/SmartSVN/Latest/Ignore-Patterns /SmartSVN/Latest/Manual/Ignore-Patterns 301
/SmartSVN/Latest/Ignore-Patterns.html /SmartSVN/Latest/Manual/Ignore-Patterns 301
/SmartSVN/Latest/Ignore.html /SmartSVN/Latest/Manual/Ignore 301
/SmartSVN/Latest/Import-into-Repository /SmartSVN/Latest/Manual/Import-into-Repository 301
/SmartSVN/Latest/Import-into-Repository.html /SmartSVN/Latest/Manual/Import-into-Repository 301
/SmartSVN/Latest/Installation-and-Files /SmartSVN/Latest/Manual/Installation-and-Files 301
/SmartSVN/Latest/Installation-and-Files.html /SmartSVN/Latest/Manual/Installation-and-Files 301
/SmartSVN/Latest/Integrations /SmartSVN/Latest/Manual/Integrations 301
/SmartSVN/Latest/Integrations.html /SmartSVN/Latest/Manual/Integrations 301
/SmartSVN/Latest/JIRA /SmartSVN/Latest/Manual/JIRA 301
/SmartSVN/Latest/JIRA.html /SmartSVN/Latest/Manual/JIRA 301
/SmartSVN/Latest/Keyword-Substitution /SmartSVN/Latest/Manual/Keyword-Substitution 301
/SmartSVN/Latest/Keyword-Substitution.html /SmartSVN/Latest/Manual/Keyword-Substitution 301
/SmartSVN/Latest/Local-Modifications /SmartSVN/Latest/Manual/Local-Modifications 301
/SmartSVN/Latest/Local-Modifications.html /SmartSVN/Latest/Manual/Local-Modifications 301
/SmartSVN/Latest/Locks /SmartSVN/Latest/Manual/Locks 301
/SmartSVN/Latest/Locks.html /SmartSVN/Latest/Manual/Locks 301
/SmartSVN/Latest/Log /SmartSVN/Latest/Manual/Log 301
/SmartSVN/Latest/Log-Cache /SmartSVN/Latest/Manual/Log-Cache 301
/SmartSVN/Latest/Log-Cache.html /SmartSVN/Latest/Manual/Log-Cache 301
/SmartSVN/Latest/Log.html /SmartSVN/Latest/Manual/Log 301
/SmartSVN/Latest/MIME-Type /SmartSVN/Latest/Manual/MIME-Type 301
/SmartSVN/Latest/MIME-Type.html /SmartSVN/Latest/Manual/MIME-Type 301
/SmartSVN/Latest/Manual.html /SmartSVN/Latest/Manual 301
/SmartSVN/Latest/Mark-Replaced /SmartSVN/Latest/Manual/Mark-Replaced 301
/SmartSVN/Latest/Mark-Replaced.html /SmartSVN/Latest/Manual/Mark-Replaced 301
/SmartSVN/Latest/Mark-Resolved /SmartSVN/Latest/Manual/Mark-Resolved 301
/SmartSVN/Latest/Mark-Resolved.html /SmartSVN/Latest/Manual/Mark-Resolved 301
/SmartSVN/Latest/Menus /SmartSVN/Latest/Manual/Menus 301
/SmartSVN/Latest/Menus.html /SmartSVN/Latest/Manual/Menus 301
/SmartSVN/Latest/Merge /SmartSVN/Latest/Manual/Merge 301
/SmartSVN/Latest/Merge-Info /SmartSVN/Latest/Manual/Merge-Info 301
/SmartSVN/Latest/Merge-Info.html /SmartSVN/Latest/Manual/Merge-Info 301
/SmartSVN/Latest/Merge-Preview /SmartSVN/Latest/Manual/Merge-Preview 301
/SmartSVN/Latest/Merge-Preview.html /SmartSVN/Latest/Manual/Merge-Preview 301
/SmartSVN/Latest/Merge-from-2-Sources /SmartSVN/Latest/Manual/Merge-from-2-Sources 301
/SmartSVN/Latest/Merge-from-2-Sources.html /SmartSVN/Latest/Manual/Merge-from-2-Sources 301
/SmartSVN/Latest/Merge.html /SmartSVN/Latest/Manual/Merge 301
/SmartSVN/Latest/Merging /SmartSVN/Latest/Manual/Merging 301
/SmartSVN/Latest/Merging.html /SmartSVN/Latest/Manual/Merging 301
/SmartSVN/Latest/Move /SmartSVN/Latest/Manual/Move 301
/SmartSVN/Latest/Move.html /SmartSVN/Latest/Manual/Move 301
/SmartSVN/Latest/Preferences /SmartSVN/Latest/Manual/Preferences 301
/SmartSVN/Latest/Preferences.html /SmartSVN/Latest/Manual/Preferences 301
/SmartSVN/Latest/Project-Manager /SmartSVN/Latest/Manual/Project-Manager 301
/SmartSVN/Latest/Project-Manager.html /SmartSVN/Latest/Manual/Project-Manager 301
/SmartSVN/Latest/Project-Settings /SmartSVN/Latest/Manual/Project-Settings 301
/SmartSVN/Latest/Project-Settings.html /SmartSVN/Latest/Manual/Project-Settings 301
/SmartSVN/Latest/Project-Transactions /SmartSVN/Latest/Manual/Project-Transactions 301
/SmartSVN/Latest/Project-Transactions.html /SmartSVN/Latest/Manual/Project-Transactions 301
/SmartSVN/Latest/Project-Window /SmartSVN/Latest/Manual/Project-Window 301
/SmartSVN/Latest/Project-Window.html /SmartSVN/Latest/Manual/Project-Window 301
/SmartSVN/Latest/Projects /SmartSVN/Latest/Manual/Projects 301
/SmartSVN/Latest/Projects.html /SmartSVN/Latest/Manual/Projects 301
/SmartSVN/Latest/Properties /SmartSVN/Latest/Manual/Properties 301
/SmartSVN/Latest/Properties-Compare /SmartSVN/Latest/Manual/Properties-Compare 301
/SmartSVN/Latest/Properties-Compare.html /SmartSVN/Latest/Manual/Properties-Compare 301
/SmartSVN/Latest/Properties.html /SmartSVN/Latest/Manual/Properties 301
/SmartSVN/Latest/Queries /SmartSVN/Latest/Manual/Queries 301
/SmartSVN/Latest/Queries.html /SmartSVN/Latest/Manual/Queries 301
/SmartSVN/Latest/Refresh /SmartSVN/Latest/Manual/Refresh 301
/SmartSVN/Latest/Refresh.html /SmartSVN/Latest/Manual/Refresh 301
/SmartSVN/Latest/Relocate /SmartSVN/Latest/Manual/Relocate 301
/SmartSVN/Latest/Relocate.html /SmartSVN/Latest/Manual/Relocate 301
/SmartSVN/Latest/Remote-State /SmartSVN/Latest/Manual/Remote-State 301
/SmartSVN/Latest/Remote-State.html /SmartSVN/Latest/Manual/Remote-State 301
/SmartSVN/Latest/Remove /SmartSVN/Latest/Manual/Remove 301
/SmartSVN/Latest/Remove-Repository- /SmartSVN/Latest/Manual/Remove-Repository- 301
/SmartSVN/Latest/Remove-Repository-.html /SmartSVN/Latest/Manual/Remove-Repository- 301
/SmartSVN/Latest/Remove.html /SmartSVN/Latest/Manual/Remove 301
/SmartSVN/Latest/Rename /SmartSVN/Latest/Manual/Rename 301
/SmartSVN/Latest/Rename-Repository- /SmartSVN/Latest/Manual/Rename-Repository- 301
/SmartSVN/Latest/Rename-Repository-.html /SmartSVN/Latest/Manual/Rename-Repository- 301
/SmartSVN/Latest/Rename.html /SmartSVN/Latest/Manual/Rename 301
/SmartSVN/Latest/Repository-Browser /SmartSVN/Latest/Manual/Repository-Browser 301
/SmartSVN/Latest/Repository-Browser.html /SmartSVN/Latest/Manual/Repository-Browser 301
/SmartSVN/Latest/Revert /SmartSVN/Latest/Manual/Revert 301
/SmartSVN/Latest/Revert.html /SmartSVN/Latest/Manual/Revert 301
/SmartSVN/Latest/Revision-Compare /SmartSVN/Latest/Manual/Revision-Compare 301
/SmartSVN/Latest/Revision-Compare.html /SmartSVN/Latest/Manual/Revision-Compare 301
/SmartSVN/Latest/Revision-Graph /SmartSVN/Latest/Manual/Revision-Graph 301
/SmartSVN/Latest/Revision-Graph.html /SmartSVN/Latest/Manual/Revision-Graph 301
/SmartSVN/Latest/Set-Up-Local-Repository /SmartSVN/Latest/Manual/Set-Up-Local-Repository 301
/SmartSVN/Latest/Set-Up-Local-Repository.html /SmartSVN/Latest/Manual/Set-Up-Local-Repository 301
/SmartSVN/Latest/Set-or-Delete-Property /SmartSVN/Latest/Manual/Set-or-Delete-Property 301
/SmartSVN/Latest/Set-or-Delete-Property.html /SmartSVN/Latest/Manual/Set-or-Delete-Property 301
/SmartSVN/Latest/Shell-Integration /SmartSVN/Latest/Manual/Shell-Integration 301
/SmartSVN/Latest/Shell-Integration.html /SmartSVN/Latest/Manual/Shell-Integration 301
/SmartSVN/Latest/Subwindows /SmartSVN/Latest/Manual/Subwindows 301
/SmartSVN/Latest/Subwindows.html /SmartSVN/Latest/Manual/Subwindows 301
/SmartSVN/Latest/Switch /SmartSVN/Latest/Manual/Switch 301
/SmartSVN/Latest/Switch.html /SmartSVN/Latest/Manual/Switch 301
/SmartSVN/Latest/System-Properties /SmartSVN/Latest/Manual/System-Properties 301
/SmartSVN/Latest/System-Properties.html /SmartSVN/Latest/Manual/System-Properties 301
/SmartSVN/Latest/Tag-Browser /SmartSVN/Latest/Manual/Tag-Browser 301
/SmartSVN/Latest/Tag-Browser.html /SmartSVN/Latest/Manual/Tag-Browser 301
/SmartSVN/Latest/Tag-Multiple-Project-Roots /SmartSVN/Latest/Manual/Tag-Multiple-Project-Roots 301
/SmartSVN/Latest/Tag-Multiple-Project-Roots.html /SmartSVN/Latest/Manual/Tag-Multiple-Project-Roots 301
/SmartSVN/Latest/Tags-and-Branches /SmartSVN/Latest/Manual/Tags-and-Branches 301
/SmartSVN/Latest/Tags-and-Branches.html /SmartSVN/Latest/Manual/Tags-and-Branches 301
/SmartSVN/Latest/Transactions /SmartSVN/Latest/Manual/Transactions 301
/SmartSVN/Latest/Transactions-Frame /SmartSVN/Latest/Manual/Transactions-Frame 301
/SmartSVN/Latest/Transactions-Frame.html /SmartSVN/Latest/Manual/Transactions-Frame 301
/SmartSVN/Latest/Transactions.html /SmartSVN/Latest/Manual/Transactions 301
/SmartSVN/Latest/Update /SmartSVN/Latest/Manual/Update 301
/SmartSVN/Latest/Update-More /SmartSVN/Latest/Manual/Update-More 301
/SmartSVN/Latest/Update-More.html /SmartSVN/Latest/Manual/Update-More 301
/SmartSVN/Latest/Update.html /SmartSVN/Latest/Manual/Update 301
/SmartSVN/Latest/Updating /SmartSVN/Latest/Manual/Updating 301
/SmartSVN/Latest/Updating.html /SmartSVN/Latest/Manual/Updating 301
/SmartSVN/Latest/VM-Options /SmartSVN/Latest/Manual/VM-Options 301
/SmartSVN/Latest/VM-Options.html /SmartSVN/Latest/Manual/VM-Options 301
/SmartSVN/Latest/index.html /SmartSVN/Latest/Manual/ 301
/SmartSynchronize/Latest/Configurations.html /SmartSynchronize/Latest/Manual/Configurations 301
/SmartSynchronize/Latest/Directory-compare.html /SmartSynchronize/Latest/Manual/Directory-compare 301
/SmartSynchronize/Latest/File-compare.html /SmartSynchronize/Latest/Manual/File-compare 301
/SmartSynchronize/Latest/File-manager.html /SmartSynchronize/Latest/Manual/File-manager 301
/SmartSynchronize/Latest/File-merge.html /SmartSynchronize/Latest/Manual/File-merge 301
/SmartSynchronize/Latest/Starting.html /SmartSynchronize/Latest/Manual/Starting 301
/SmartSynchronize/Latest/Welcome-dialog.html /SmartSynchronize/Latest/Manual/Welcome-dialog 301
/SmartSynchronize/Latest/index.html /SmartSynchronize/Latest/Manual/ 301
/SmartSynchronize/index.html /SmartSynchronize/ 301
/index.html / 301
